Abidjan, 4603000, 125, Ivory Coast
Abuja, 2360000, 87, Nigeria
Accra, 3933000, 365, Ghana, N5.5401, W0.2074, 98
Adana, 1477000, 48, Turkey
Addis Ababa, 3226000, 150, Ethiopia
Adelaide, 1120000, 329, Australia
Agra, 1824000, 50, India
Ahmedabad, 6732000, 115, India
Ahvaz, 1241000, 90, Iran
Aleppo, 3264000, 100, Syria
Alexandria, 4603000, 113, Egypt
Algiers, 2994000, 175, Algeria
Allahabad, 1271000, 48, India
Almaty, 1415000, 162, Kazakhstan
Amman, 2630000, 133, Jordan
Amritsar, 1239000, 38, India
Amsterdam, 1050000, 160, Netherlands
Ankara, 4221000, 225, Turkey, N39.9439, E32.8560, 938
Anshan, 1571000, 70, China
Antananarivo, 2075000, 85, Madagascar
Anyang, 1195000, 70, China
Asansol, 1300000, 25, India
Asuncion, 2203000, 215, Paraguay
Athens, 3510000, 225, Greece, N37.9792, E23.7166, 153
Atlanta, 4707000, 2645, United States
Auckland, 1310000, 210, New Zealand
Aurangabad, 1244000, 28, India
Austin, 1488000, 523, United States
Baghdad, 6366000, 230, Iraq, N33.3157, E44.3922, 40
Baku, 2112000, 115, Azerbaijan, N40.3834, E49.8932, 1
Baltimore, 2251000, 717, United States
Bamako, 2193000, 120, Mali
Bandung, 4764000, 165, Indonesia
Bangkok, 14544000, 900, Thailand
Baoding, 1322000, 85, China
Baotou, 2065000, 145, China
Barcelona, 4604000, 415, Spain
Bareilly, 1025000, 32, India
Barquisimeto, 1265000, 37, Venezuela
Barranquilla, 1941000, 55, Colombia
Beijing, 18241000, 1350, China, N39.9056, E116.3958, 63
Beirut, 2035000, 260, Lebanon, N33.8872, E35.5134, 55
Belem, 2116000, 100, Brazil
Belgrade, 1101000, 90, Serbia
Belo Horizonte, 5582000, 420, Brazil
Bengaluru, 9044000, 285, India
Benin City, 1439000, 88, Nigeria
Berlin, 3956000, 520, Germany, N52.5235, E13.4115, 34
Bhopal, 1967000, 57, India
Birmingham, 2297000, 232, United Kingdom
Bogota, 9009000, 160, Colombia, N4.6473, W74.0962, 2619
Boston, 4514000, 2056, United States
Braslia, 2394000, 260, Brazil, S15.7801, W47.9292, 1079
Brazzaville, 1685000, 70, Republic of the Congo
Brisbane, 1912000, 761, Australia
Brussels, 1944000, 290, Belgium, N50.8371, E4.3676, 76
Bucaramanga, 1134000, 23, Colombia
Bucharest, 1931000, 110, Romania
Budapest, 1726000, 345, Hungary, N47.4984, E19.0408, 102
Buenos Aires, 13776000, 1020, Argentina, S34.6118, W58.4173, 10
Bursa, 1729000, 49, Turkey
Busan, 3384000, 100, South Korea
Calgary, 1119000, 272, Canada
Cali, 2486000, 60, Colombia
Campinas, 2541000, 360, Brazil
Cape Town, 3560000, 315, South Africa
Caracas, 3279000, 105, Venezuela
Cartagena, 1001000, 32, Colombia
Casablanca, 3120000, 85, Morocco
Cebu City, 2463000, 80, Philippines
Chandigarh, 1074000, 78, India
Changchun, 3212000, 205, China
Changsha, 3228000, 180, China
Changshu, 1139000, 110, China
Changwon, 1000000, 40, South Korea
Changzhou, 2971000, 320, China
Chaoyang/Chaonan, 2200000, 105, China
Charlotte, 1310000, 741, United States
Chelyabinsk, 1130000, 225, Russia
Chengdu, 8386000, 375, China
Chennai, 9182000, 325, India
Chicago, 9104000, 2647, United States
Chifeng, 1085000, 33, China
Chittagong, 3073000, 43, Bangladesh
Chongqing, 6632000, 340, China
Cincinnati, 1625000, 788, United States
Ciudad Juarez, 1369000, 125, Mexico
Cixi City, 1200000, 115, China
Cleveland, 1765000, 772, United States
Coimbatore, 2246000, 66, India
Cologne/Bonn, 2069000, 360, Germany
Colombo, 2177000, 86, Sri Lanka
Columbus, 1409000, 510, United States
Conakry, 1838000, 62, Guinea
Copenhagen, 1218000, 175, Denmark
Cordoba, 1564000, 140, Argentina
Curitiba, 3233000, 325, Brazil
Daegu, 2400000, 95, South Korea
Daejeon, 1513000, 51, South Korea
Dakar, 3270000, 75, Senegal
Dalian, 3793000, 300, China
Dallas/Fort Worth, 6022000, 1998, United States
Damascus, 2749000, 70, Syria
Dar es Salaam, 3723000, 220, Tanzania
Datong, 1611000, 70, China
Davao City, 1493000, 50, Philippines
Delhi, 22826000, 750, India
Denver, 2505000, 668, United States
Detroit, 3734000, 1337, United States
Dhaka, 14399000, 125, Bangladesh
Dhanbad, 1249000, 37, India
Dnipropetrovsk, 1000000, 125, Ukraine
Dongguan, 8591000, 600, China
Dongying, 1060000, 85, China
Douala, 2612000, 79, Cameroon
Dubai, 3319000, 475, United Arab Emirates
Dublin, 1143000, 175, Ireland
Durban (eThekwini), 3457000, 400, South Africa
Durg-Bhilai, 1164000, 44, India
Erbil, 1078000, 29, Iraq
Essen/Dusseldorf, 7312000, 1020, Germany
Faisalabad, 3197000, 70, Pakistan
Fes, 1117000, 20, Morocco
Florianopolis, 1061000, 50, Brazil
Fortaleza, 3636000, 280, Brazil
Frankfurt, 2303000, 260, Germany
Fukuoka, 2556000, 205, Japan
Fushun, 1412000, 50, China
Fuzhou, 3625000, 170, China
Gaziantep, 1209000, 34, Turkey
Glasgow, 1203000, 142, United Kingdom
Goiania, 2131000, 260, Brazil
Greater Cairo, 15071000, 640, Egypt
Guadalajara, 4567000, 270, Mexico
Guangzhou, 17681000, 1225, China
Guatemala City, 1228000, 115, Guatemala
Guayaquil, 2379000, 85, Ecuador
Guiyang, 2749000, 115, China
Gujranwala, 1861000, 57, Pakistan
Guwahati, 1014000, 27, India
Gwalior, 1152000, 22, India
Gwangju, 1481000, 49, South Korea
Haifa, 1072000, 88, Israel
Haikou, 1600000, 120, China
Hamamatsu, 1000000, 100, Japan
Hamburg, 1796000, 275, Germany
Handan, 1728000, 65, China
Hangzhou, 6559000, 435, China
Hanoi, 2533000, 110, Vietnam
Harare, 1619000, 230, Zimbabwe
Harbin, 4543000, 200, China
Havana, 2112000, 110, Cuba
Hefei, 3523000, 230, China
Helsinki, 1159000, 190, Finland
Hiroshima, 1325000, 110, Japan
Ho Chi Minh City (Saigon), 8764000, 490, Vietnam
Hohhot, 1988000, 155, China
Hong Kong, 7162000, 106, Hong Kong
Houston, 5485000, 1793, United States
Huai'an, 1856000, 57, China
Huaibei, 1036000, 35, China
Huainan, 1112000, 42, China
Huambo, 1175000, 22, Angola
Huizhou, 1387000, 65, China
Hyderabad, 8206000, 340, India
Hyderabad, 2850000, 28, Pakistan
Ibadan, 3180000, 150, Nigeria
Indianapolis, 1532000, 706, United States
Indore, 2264000, 50, India
Isfahan, 2299000, 135, Iran
Istanbul, 12919000, 520, Turkey
Izmir, 2946000, 105, Turkey
Jabalpur, 1325000, 35, India
Jacksonville, 1101000, 530, United States
Jaipur, 3208000, 65, India
Jakarta, 26746000, 1075, Indonesia, S6.1862, E106.8063, 3
Jamshedpur, 1397000, 42, India
Jeddah, 3413000, 325, Saudi Arabia
Jiamusi, 1080000, 31, China
Jiaxing, 1044000, 100, China
Jilin, 1641000, 75, China
Jinan, 3479000, 280, China
Jodhpur, 1190000, 32, India
Johannesburg/East Rand, 7426000, 1040, South Africa
Johor Bahru, 1640000, 275, Malaysia
Joinville, 1092000, 58, Brazil
Joo Pessoa, 1196000, 75, Brazil
Kabul, 3476000, 100, Afghanistan
Kaduna, 1610000, 59, Nigeria
Kalyan, 2763000, 36, India
Kampala, 1820000, 190, Uganda
Kannur, 1643000, 35, India
Kano, 3636000, 97, Nigeria
Kanpur, 3044000, 74, India
Kansas City, 1547000, 678, United States
Kaohsiung, 2796000, 140, Taiwan
Karachi, 23300000, 310, Pakistan
Kathmandu, 1106000, 23, Nepal
Katowice/Gliwice/Tychy (Silesian Metropolis), 2507000, 280, Poland
Kazan, 1141000, 190, Russia
Kharkiv, 1449000, 180, Ukraine
Khartoum, 4919000, 360, Sudan
Khulna, 1179000, 27, Bangladesh
Kiev, 2816000, 210, Ukraine
Kigali, 1055000, 44, Rwanda
Kinshasa, 9387000, 225, Democratic Republic of the Congo, S4.3369, E15.3271, 240
Kitakysh, 2005000, 190, Japan
Kochi (Cochin), 2211000, 85, India
Kolkata, 14630000, 465, India
Kollam, 1110000, 70, India
Konya, 1069000, 50, Turkey
Kota, 1047000, 24, India
Kozhikode (Calicut), 2120000, 46, India
Kuala Lumpur, 6608000, 750, Malaysia, N3.1502, E101.7077, 60
Kumasi, 3031000, 130, Ghana
Kunming, 3413000, 230, China
Kunshan, 1596000, 190, China
Kuwait City, 3851000, 275, Kuwait
La Paz, 1770000, 60, Bolivia
Lagos, 12090000, 350, Nigeria
Lahore, 12500000, 225, Pakistan
Lanzhou, 2514000, 85, China
Las Vegas, 1955000, 417, United States
Leeds-Bradford, 1543000, 143, United Kingdom
Leon, 1665000, 61, Mexico
Lille, 1050000, 183, France
Lima, 9400000, 250, Peru, S12.0931, W77.0465, 107
Linyi, 2123000, 230, China
Lisbon, 2697000, 370, Portugal
Liuzhou, 1458000, 80, China
Lome, 1862000, 80, Togo
London, 9576000, 627, United Kingdom, N51.5002, W0.1262, 14
Los Angeles, 15067000, 2432, United States
Luanda, 5425000, 296, Angola
Lubumbashi, 1696000, 60, Democratic Republic of the Congo
Lucknow, 3026000, 92, India
Ludhiana, 1685000, 65, India
Luoyang, 1761000, 85, China
Lusaka, 1849000, 69, Zambia
Lyon, 1547000, 455, France
Maceio, 1225000, 40, Brazil
Madrid, 6087000, 510, Spain, N40.4167, W3.7033, 588
Madurai, 1525000, 29, India
Makassar, 1600000, 69, Indonesia
Malappuram, 1698000, 125, India
Manaus, 1923000, 115, Brazil
Manchester, 2246000, 215, United Kingdom
Mandalay, 1108000, 33, Burma
Manila, 21241000, 555, Philippines
Maputo, 2691000, 160, Mozambique
Maracaibo, 2343000, 60, Venezuela
Maracay, 1133000, 61, Venezuela
Marseille, 1587000, 465, France
Mashhad, 3097000, 115, Iran
Mbuji-Mayi, 1430000, 47, Democratic Republic of the Congo
Mecca, 1567000, 150, Saudi Arabia
Medan, 2250000, 95, Indonesia
Medelln, 3732000, 73, Colombia
Medina, 1172000, 135, Saudi Arabia
Meerut, 1489000, 40, India
Melbourne, 3761000, 982, Australia
Memphis, 1079000, 497, United States
Merida, 1055000, 80, Mexico
Mexico City, 20032000, 790, Mexico, N19.4271, W99.1276, 2216
Miami, 5504000, 1239, United States
Milan, 5248000, 730, Italy
Milwaukee, 1388000, 546, United States
Minneapolis/Saint Paul, 2731000, 1022, United States
Minsk, 1860000, 125, Belarus
Mogadishu, 1637000, 37, Somalia
Mombasa, 1055000, 33, Kenya
Monrovia, 1000000, 75, Liberia
Monterrey, 4220000, 345, Mexico
Montevideo, 1661000, 100, Uruguay
Montreal, 3450000, 597, Canada
Moscow, 15788000, 1700, Russia
Mosul, 1567000, 54, Iraq
Multan, 1871000, 55, Pakistan
Mumbai, 17307000, 211, India
Munich, 1357000, 180, Germany
Mysore, 1033000, 35, India
N'Djamena, 1040000, 32, Chad
Nagoya, 10183000, 1475, Japan
Nagpur, 2605000, 85, India
Nairobi, 4457000, 215, Kenya
Nanchang, 2469000, 210, China
Nanjing, 5770000, 440, China
Nanning, 2277000, 118, China
Nantong, 1036000, 90, China
Naples, 3726000, 395, Italy
Nashik, 1635000, 43, India
Nashville, 1014000, 563, United States
Natal, 1342000, 70, Brazil
Naypyidaw, 1105000, 90, Burma
New York City, 20673000, 4495, United States
Niamey, 1199000, 50, Niger
Ningbo, 3312000, 285, China
Nizhny Novgorod, 1247000, 240, Russia
Novosibirsk, 1470000, 240, Russia
Nuremberg, 1020000, 130, Germany
Odessa, 1010000, 80, Ukraine
Omsk, 1148000, 190, Russia
Orlando, 1931000, 756, United States
Osaka/Kobe/Kyoto, 17175000, 1240, Japan
Ouagadougou, 2193000, 135, Burkina Faso
Palembang, 1542000, 85, Indonesia
Panama City, 2182000, 65, Panama
Paris, 10869000, 1098, France, N48.8567, E2.3510, 34
Patna, 2139000, 49, India
Penang, 1150000, 115, Malaysia
Perth, 1657000, 605, Australia
Peshawar, 1606000, 45, Pakistan
Philadelphia, 5508000, 1981, United States
Phnom Penh, 1693000, 64, Cambodia
Phoenix, 4044000, 1265, United States
Pittsburgh, 1734000, 905, United States
Port Elizabeth, 1000000, 150, South Africa
Port Harcourt, 2002000, 61, Nigeria
Port-au-Prince, 2332000, 66, Haiti
Portland, 1923000, 524, United States
Porto, 1398000, 150, Portugal
Porto Alegre, 4002000, 300, Brazil
Prague, 1264000, 110, Czech Republic
Pretoria (Tshwane), 2602000, 475, South Africa, S25.7463, E28.1876, 1271
Providence, 1187000, 545, United States
Puebla, 2374000, 240, Mexico
Pune, 5265000, 145, India
Putian, 1150000, 175, China
Pyongyang, 3048000, 68, North Korea
Qingdao, 4444000, 445, China
Qiqihar, 1216000, 50, China
Qom, 1034000, 45, Iran
Quanzhou, 5913000, 540, China
Queretaro, 1144000, 58, Mexico
Quito, 1684000, 185, Ecuador
Rabat, 1881000, 55, Morocco
Raipur, 1176000, 43, India
Rajkot, 1455000, 29, India
Ranchi, 1179000, 22, India
Rawalpindi/Islamabad, 3135000, 165, Pakistan
Recife, 3793000, 160, Brazil
Rio de Janeiro, 11616000, 780, Brazil
Riyadh, 5133000, 580, Saudi Arabia
Rome, 3798000, 430, Italy
Rosario, 1290000, 90, Argentina
Rostov-on-Don, 1089000, 160, Russia
Rotterdam/The Hague, 2119000, 325, Netherlands
Sacramento, 1776000, 471, United States
Saint Petersburg, 4899000, 460, Russia
Salt Lake City, 1068000, 278, United States
Salvador, 4075000, 150, Brazil
Samara, 1162000, 145, Russia
San Antonio, 1860000, 597, United States
San Diego, 3065000, 732, United States
San Francisco/San Jose, 6020000, 1080, United States
San Jose, 1543000, 125, Costa Rica
San Juan, 2163000, 867, Puerto Rico, N18.4500, W66.0667, 3
San Luis Potosi, 1040000, 51, Mexico
San Salvador, 1646000, 60, El Salvador
Sana'a, 2608000, 69, Yemen
Santa Cruz de la Sierra, 1749000, 85, Bolivia
Santiago, 6171000, 380, Chile, S33.4691, W70.6420, 521
Santo Domingo, 2257000, 95, Dominican Republic
Santos, 1716000, 80, Brazil
Sao Luis, 1323000, 165, Brazil
Sao Paulo, 20568000, 1225, Brazil
Sapporo, 2654000, 240, Japan
Seattle, 3180000, 1010, United States
Semarang, 1846000, 100, Indonesia
Sendai, 1334000, 125, Japan
Seoul, 22868000, 835, South Korea, N37.5139, E126.9828, 33
Shanghai, 21766000, 1350, China
Shantou, 2364000, 140, China
Shaoxing, 2094000, 178, China
Shenyang, 5631000, 340, China
Shenzhen, 12506000, 675, China
Shijiazhuang, 3044000, 200, China
Shiraz, 1702000, 95, Iran
Singapore, 5287000, 200, Singapore, N1.2894, E103.8500, 0
Sofia, 1182000, 80, Bulgaria
Srinagar, 1331000, 49, India
St. Louis, 2157000, 924, United States
Stockholm, 1435000, 147, Sweden
Stuttgart, 1274000, 160, Germany
Surabaya, 4703000, 260, Indonesia
Surat, 4791000, 62, India
Suzhou, 4402000, 350, China
Sydney, 3956000, 786, Australia
Tabriz, 1647000, 65, Iran
Taichung, 2973000, 190, Taiwan
Tainan, 1259000, 80, Taiwan
Taipei, 8357000, 440, Taiwan, N25.0338, E121.5645, 5
Taiyuan, 3526000, 180, China
Tampa/St. Petersburg, 2516000, 957, United States
Tangshan, 2059000, 107, China
Tashkent, 2316000, 205, Uzbekistan
Tbilisi, 1122000, 75, Georgia
Tegucigalpa, 1130000, 38, Honduras
Tehran, 13309000, 525, Iran, N35.7117, E51.4070, 1235
Tel Aviv, 3421000, 185, Israel
Thiruvananthapuram, 1762000, 55, India
Thrissur, 1854000, 140, India
Tianjin, 9277000, 650, China
Tijuana, 1827000, 180, Mexico
Tiruchirappalli, 1068000, 33, India
Tokyo/Yokohama, 37239000, 3300, Japan
Toluca, 1747000, 85, Mexico
Toronto, 6184000, 883, Canada
Torreon, 1260000, 65, Mexico
Tripoli, 1160000, 75, Libya
Tunis, 2456000, 140, Tunisia
Turin, 1499000, 145, Italy
Ufa, 1015000, 65, Russia
Ulan Bator, 1091000, 90, Mongolia
Ulsan, 1087000, 40, South Korea
Urumqi, 2939000, 145, China
Vadodara, 1897000, 53, India
Valencia, 1896000, 84, Venezuela
Vancouver, 2166000, 444, Canada
Varanasi, 1498000, 39, India
Vasai-Virar, 1147000, 35, India
Vienna, 1732000, 175, Austria
Vijayawada, 1558000, 22, India
Virginia Beach-Norfolk, 1466000, 515, United States
Visakhapatnam, 1806000, 70, India
Vitoria, 1666000, 140, Brazil
Warsaw, 1715000, 210, Poland, N52.2297, E21.0122, 93
Washington, 4825000, 1322, United States, N38.8921, W77.0241, 2
Weifang, 1422000, 95, China
Wenzhou, 2817000, 100, China
Wuhan, 7411000, 420, China
Wuhu, 1217000, 62, China
Wuxi, 3445000, 260, China
Xi'an, 5332000, 310, China
Xiamen, 3388000, 225, China
Xiangyang, 1100000, 52, China
Xining, 1200000, 41, China
Xinxiang, 1048000, 40, China
Xuzhou, 1246000, 90, China
Yangon (Rangoon), 4620000, 135, Burma
Yangzhou, 1593000, 90, China
Yantai, 1377000, 101, China
Yaounde, 2587000, 89, Cameroon
Yekaterinburg, 1340000, 200, Russia
Yerevan, 1300000, 125, Armenia
Yinchuan, 1694000, 61, China
Yogyakarta, 1250000, 90, Indonesia
Zaria, 1044000, 34, Nigeria
Zhangjiagang/Jiangyin, 2306000, 190, China
Zhangjiakou, 1142000, 50, China
Zhangzhou, 1200000, 135, China
Zhengzhou, 4184000, 250, China
Zhongshan, 2275000, 250, China
Zhuhai, 1274000, 95, China
Zibo, 1598000, 135, China
